,name,age,height,weight,gender,bmi
0,Alex,20,72,180,m,24.409722222222225
1,Steve,23,70,170,m,24.389795918367348
2,John,40,69,172,m,25.397185465238394
3,Jane,32,63,125,f,22.140337616528093
4,Michael,50,74,205,m,26.31756756756757
5,Paris,22,65,130,f,21.630769230769232
6,Janette,57,70,180,f,25.82448979591837
7,McKenzie,45,67,140,f,21.924704834038764
8,George,65,60,120,m,23.433333333333334
9,Carrie,38,68,129,f,19.612240484429066
